﻿<?xml version="1.0" encoding="UTF-8" standalone="yes"?><invoice>
    
    <date>2019-01-15</date>
        <customer>
          <name>Joe Bloggs</name>
        </customer>
        <items>
          <item>
            <name>apples</name>
            <price>$20</price>
          </item>
          <item>
            <name>bananas</name>
            <price>$30</price>
          </item>
          <item>
            <name>gas</name>
            <price>$40</price>
          </item>
        </items>
        <misc>
          <includeBankDetails>true</includeBankDetails>
          <wantspam>false</wantspam>
        </misc>
      </invoice>
